PacketCounter,SampleTimeFine,Gyr_X,Gyr_Y,Gyr_Z,Unnamed: 11
0,79880621,0.0,0.0,0.0, 
1,79897288,-58.39060593,93.73600006,25.88157845, 
2,79913955,-74.59944153,98.11740112,33.77419662, 
3,79930622,-96.42601776,101.9972305,44.85261536, 
4,79947289,-124.8587112,103.756897,57.78173447, 
5,79963956,-151.9720917,104.8589554,69.76157379, 
6,79980623,-171.0354462,108.2230072,85.93741608, 
7,79997290,-185.2103882,106.3382263,104.6652222, 
8,80013957,-200.91304019999998,96.56365967,115.08408359999999, 
9,80030624,-209.94363399999997,83.24104309,121.22586059999999, 
10,80047291,-208.0842285,66.60282898,131.76850890000003, 
11,80063958,-201.4808502,49.42781448,144.4828339, 
12,80080625,-191.2963409,36.56208038,157.59371950000002, 
13,80097292,-178.3927612,28.47376442,166.5385132, 
14,80113959,-154.86004640000002,23.27332878,170.0385437, 
15,80130626,-116.19530490000001,16.75333786,161.77684019999998, 
16,80147293,-61.77746201,13.58074856,143.11322019999997, 
17,80163960,1.8600455519999999,13.902902599999999,120.5168152, 
18,80180627,53.83062363,13.98210144,96.91012573, 
19,80197294,74.71811676,12.41812038,74.82382202, 
20,80213961,64.65227509,6.599575043,54.80960464, 
21,80230628,34.97468948,-1.924343944,35.88095474, 
22,80247295,-4.092182636,-12.26686668,22.32433891, 
23,80263962,-41.80644989,-21.89298248,15.56323147, 
24,80280629,-70.62558746,-31.43272591,14.496016500000001, 
25,80297296,-90.66194153,-39.67388535,16.04981995, 
26,80313963,-101.6247635,-43.6788063,18.43227959, 
27,80330630,-100.9959183,-41.70697784,22.70398521, 
28,80347297,-87.06192017,-38.28304672,23.75170898, 
29,80363964,-59.991149899999996,-32.45272827,20.22208214, 
30,80380631,-34.24216843,-25.36894989,16.54293442, 
31,80397298,-19.63728523,-19.23981285,15.09253407, 
32,80413965,-12.36493587,-16.03233719,14.84685898, 
33,80430632,-6.951930523,-13.12565136,13.92275047, 
34,80447299,-1.19306004,-11.32485294,13.32587814, 
35,80463966,1.152726412,-10.26151562,14.53911495, 
36,80480633,-1.289978743,-10.1124382,16.87417984, 
37,80497300,-6.380884647,-10.35278034,19.18143654, 
38,80513967,-10.727873800000001,-11.21802521,21.30597687, 
39,80530634,-14.25993061,-10.98403168,22.24726868, 
40,80547301,-15.52067947,-9.667110443,21.77723312, 
41,80563968,-13.35313129,-8.842172623,20.58989334, 
42,80580635,-8.889139175,-7.481181622,18.64971352, 
43,80597302,-4.658629417,-5.638558865,17.10791969, 
44,80613969,-3.663336515,-4.209924698,15.34902191, 
45,80630636,-4.476334572,-2.5635895730000002,13.96571064, 
46,80647303,-4.059154986999999,-1.405549049,13.94057465, 
47,80663970,-2.512678146,-0.6260196570000001,13.21020794, 
48,80680637,-0.495100141,-0.820765793,13.16525555, 
49,80697304,-1.77784884,-1.409717321,13.61821556, 
50,80713971,-4.263486862,-1.291617513,13.98902702, 
51,80730638,-5.89285326,-1.120012164,13.91195965, 
52,80747305,-5.601686954,-1.614222407,13.72977448, 
53,80763972,-3.559885263,-1.946694493,12.68716145, 
54,80780639,0.536893666,-1.139157295,11.82413387, 
55,80797306,3.6969642639999996,-0.358712375,10.35694695, 
56,80813973,4.384806633,-0.589815855,8.966420174, 
57,80830640,3.3086557389999998,-1.883750558,8.574398041, 
58,80847307,1.0421744590000002,-3.8019113539999996,7.513864517000001, 
59,80863974,-0.6507611870000001,-4.865331173,6.036017895, 
60,80880641,-1.021197557,-5.277951241,4.186306, 
61,80897308,-0.784875572,-5.1439642910000005,2.4573016169999997, 
62,80913975,-0.173801392,-4.92922163,2.021610737, 
63,80930642,-1.6866666080000001,-6.030056,1.691731691, 
64,80947309,-4.1431427,-6.675137997,1.465328455, 
65,80963976,-5.469568252999999,-6.666257858,1.039882302, 
66,80980643,-4.928293705,-5.9491262439999995,0.844034672, 
67,80997310,-4.24599123,-5.451850891,0.46650987899999996, 
68,81013977,-4.021034241000001,-5.318266392,-0.448907465, 
69,81030644,-3.9261260030000003,-4.6725826260000005,-0.09056010099999999, 
70,81047311,-5.066749573,-4.037502766,0.54654938, 
71,81063978,-6.330750942000001,-3.8908331389999997,0.686382174, 
72,81080645,-7.217091084,-3.842283249,1.1857274770000001, 
73,81097312,-8.273703575,-3.199878454,2.129504204, 
74,81113979,-8.915034294,-1.266426802,3.389393806, 
75,81130646,-7.930482388,0.444969624,4.981402874, 
76,81147313,-5.966986179,2.05257678,6.9890804289999995, 
77,81163980,-4.190412045,4.5363950730000004,8.909572601, 
78,81180647,-1.462787151,7.7481164929999995,10.66381741, 
79,81197314,2.243302822,10.65366173,11.59779835, 
80,81213981,6.582587242000001,12.74612522,12.49214935, 
81,81230648,9.454277038999999,13.96977711,13.02815056, 
82,81247315,10.00791073,15.0602684,13.18844986, 
83,81263982,8.711574554,16.39097977,12.71820259, 
84,81280649,6.87360239,17.89344597,10.64414406, 
85,81297316,5.828820229,19.54536629,9.067372322, 
86,81313983,7.290475845,19.19658661,8.380874634, 
87,81330650,5.667676449,19.52402687,8.394523621, 
88,81347317,-0.032585815,21.10173798,8.516648293, 
89,81363984,-6.2722373010000005,21.87475014,9.35499382, 
90,81380651,-9.501162529,22.69714546,10.24965, 
91,81397318,-7.447635174,24.02481079,10.19888687, 
92,81413985,-6.394771099,25.5313797,9.389461517, 
93,81430652,-8.02142334,27.27321243,9.585858345, 
94,81447319,-11.24601364,28.17916107,9.704731941, 
95,81463986,-14.81140232,29.18452072,8.944925308, 
96,81480653,-18.506931299999998,30.00880814,7.079113007, 
97,81497320,-14.99001312,33.09508133,6.92916441, 
98,81513987,2.975888968,34.86764908,7.320565224, 
99,81530654,33.73872375,36.01119614,4.892836571, 
100,81547321,72.31816101,37.30314255,1.712953329, 
101,81563988,114.13232420000001,34.63895798,-1.133796692, 
102,81580655,152.5616455,27.16636467,-2.74402523, 
103,81597322,181.89465330000002,10.40711975,-6.910929202999999, 
104,81613989,201.0832367,-14.69304848,-9.287774086, 
105,81630656,223.9510651,-40.98805618,-19.81297493, 
106,81647323,245.2455444,-68.71934509,-39.15604019, 
107,81663990,258.98797609999997,-100.1503448,-56.74542618, 
108,81680657,273.4354858,-134.0086975,-70.32732391, 
109,81697324,277.16900630000004,-164.6698456,-75.28098297, 
110,81713991,264.2669067,-192.52423100000001,-78.26995087, 
111,81730658,265.4749451,-216.09674069999997,-94.99497223, 
112,81747325,272.08007810000004,-236.84344480000004,-122.36128229999998, 
113,81763992,246.553299,-255.7428284,-156.73977659999997, 
114,81780659,186.1248627,-275.41305539999996,-185.7843781, 
115,81797326,121.19508359999999,-302.70324710000006,-213.62048340000004, 
116,81813993,52.82827377,-339.7556458,-225.33830260000002, 
117,81830660,-24.03006554,-378.6835632,-223.4410706, 
118,81847327,-91.98050690000001,-413.51342769999997,-223.508194, 
119,81863994,-128.2140503,-442.7874451,-228.5253906, 
120,81880661,-121.5423737,-459.9291077,-244.72341919999997, 
121,81897328,-67.82983398,-466.39297489999996,-261.09069819999996, 
122,81913995,-21.02769661,-471.3428345,-269.65863039999994, 
123,81930662,14.46202564,-466.82250980000003,-276.3546753, 
124,81947329,44.82613373,-453.6885376,-279.8864136, 
125,81963996,79.54862213,-430.06896969999997,-275.3833313, 
126,81980663,106.11569979999999,-406.10186769999996,-269.3070068, 
127,81997330,116.11966709999999,-377.009552,-257.6919861, 
128,82013997,99.27136993,-358.9528503,-244.39308169999998, 
129,82030664,72.40439606,-356.3228455,-228.68551639999998, 
130,82047331,45.63732147,-349.33700560000005,-215.66088870000002, 
131,82063998,-1.772568226,-340.0481262,-211.38446040000002, 
132,82080665,-40.48151398,-332.6558838,-210.1870728, 
133,82097332,-36.59012222,-306.7706604,-202.9040985, 
134,82113999,-23.20803833,-264.7021179,-189.3813782, 
135,82130666,-8.462765694,-226.33021549999998,-191.4152679, 
136,82147333,-7.668974876,-204.98951719999997,-195.53686519999997, 
137,82164000,-26.19804001,-171.1162262,-191.6869354, 
138,82180667,-33.34181976,-131.1296234,-173.9760437, 
139,82197334,-31.19617271,-88.57585907,-164.62034609999998, 
140,82214001,-19.83337212,-56.868484499999994,-151.39833069999997, 
141,82230668,-15.85226154,-42.17063522,-127.54267879999999, 
142,82247335,-21.1940918,-25.44530296,-101.3873672, 
143,82264002,-15.65690041,-13.26549816,-73.28417206, 
144,82280669,-11.15756702,-10.85723019,-44.30875778, 
145,82297336,-22.16644096,-14.09534073,-14.61750793, 
146,82314003,-36.11207962,-28.25276566,7.5822572710000005, 
147,82330670,-56.05933762,-37.77656174,35.17278671, 
148,82347337,-31.66807365,-37.00180435,58.63413620000001, 
149,82364004,13.34757328,-19.08827591,69.27360535, 
150,82380671,37.88023758,-1.2143623829999999,67.76970673, 
151,82397338,18.86979294,5.532087803,57.26047134, 
152,82414005,-1.557621598,8.565747261,43.77056885, 
153,82430672,0.209083915,16.50126266,33.63037872, 
154,82447339,17.62374687,23.91230392,37.49383163, 
155,82464006,35.43614578,32.0550499,56.66778183, 
156,82480673,44.71107864,43.95116043,84.67115021, 
157,82497340,49.37700653,59.64289856,121.2452469, 
158,82514007,45.40429688,75.16607666,157.4245758, 
159,82530674,34.59344864,92.88137817,192.07470700000002, 
160,82547341,16.96158791,113.15644070000002,222.2034454, 
161,82564008,1.185719371,125.2448959,252.22790530000003, 
162,82580675,-8.691756247999999,128.6868591,274.276062, 
163,82597342,-18.69696617,133.6021576,291.22125239999997, 
164,82614009,-38.30579758,141.05145259999998,310.04235839999996, 
165,82630676,-75.88096619,141.8789063,323.2565613, 
166,82647343,-129.9781036,131.40171809999998,334.57617189999996, 
167,82664010,-202.4556427,130.4327545,357.3304443, 
168,82680677,-235.4386139,130.4142761,390.79553219999997, 
169,82697344,-196.7274475,121.8387222,401.0709839, 
170,82714011,-126.5632706,111.3255692,402.4932251, 
171,82730678,-64.68626404,105.8537445,403.9456787, 
172,82747345,1.773982525,124.1884689,406.38790889999996, 
173,82764012,36.43848038,146.8602295,421.209137, 
174,82780679,13.75470734,166.9420929,417.5402222, 
175,82797346,-11.11161423,204.75535580000002,370.4877014, 
176,82814013,14.0167408,245.84571839999998,322.1959839, 
177,82830680,46.6078186,283.8093262,292.0674744, 
178,82847347,59.601043700000005,324.5744019,245.0254517, 
179,82864014,78.07157135,360.7487793,170.6519012, 
180,82880681,114.2672501,373.03619380000004,93.71159363, 
181,82897348,150.3778381,345.4516602,44.77418137, 
182,82914015,106.16173549999999,322.1418762,-17.52421379, 
183,82930682,92.03268433,307.6147461,-94.62914276, 
184,82947349,71.61885071,283.1670227,-153.9471283, 
185,82964016,37.60937119,241.53355409999998,-185.93624880000002, 
186,82980683,-2.1432151790000002,193.4370728,-191.3768005, 
187,82997350,-33.53667831,151.178299,-184.77946469999998, 
188,83014017,-56.46197128,116.16112520000001,-180.0684204, 
189,83030684,-67.31453705,89.69588470000001,-178.790451, 
190,83047351,-63.97483826,69.87790679999999,-167.5254059, 
191,83064018,-53.77871323,52.96530151,-142.9076691, 
192,83080685,-47.98751068,33.92063904,-111.09302520000001, 
193,83097352,-47.28111267,19.22834396,-89.34347534, 
194,83114019,-70.80220032,11.65179348,-24.26602745, 
195,83130686,-79.2427063,10.99181843,19.39837646, 
196,83147353,53.74175644,12.63245583,25.37172318, 
197,83164020,107.0715027,9.473539352000001,32.23968124, 
198,83180687,98.17209625,6.963340282000001,33.36681366, 
199,83197354,47.81701279,-3.795568228,35.95302963, 
200,83214021,-25.41755486,-11.29291534,36.69782257, 
201,83230688,-58.06823349,-11.98702526,12.47360229, 
202,83247355,-40.9878273,-9.410762787000001,-16.34794807, 
203,83264022,-4.701173306,-7.47371769,-26.42596436, 
204,83280689,30.4921608,-0.6575571889999999,-10.95500088, 
205,83297356,50.41630173,-4.288026333,-1.1276987790000002, 
206,83314023,45.78224945,-8.15152359,-10.45868301, 
207,83330690,33.05353546,-8.37557888,-6.0539708139999995, 
208,83347357,13.79240608,-9.358376502999999,-0.123389304, 
209,83364024,1.7769391540000001,-8.56440258,2.056706667, 
210,83380691,-7.24815321,-7.576035022999999,0.6104213000000001, 
211,83397358,-3.664870262,-6.737819195,-1.7218012809999999, 
212,83414025,10.56658268,-7.4738926889999995,-2.489684105, 
213,83430692,25.83354568,-9.698147774,-3.864147902, 
214,83447359,41.23921967,-10.48854637,-5.6587147710000005, 
215,83464026,63.72015381,-11.82457447,-5.76252079, 
216,83480693,92.56288147,-13.84783077,-3.323900938, 
217,83497360,124.61986540000001,-16.64818764,2.861014843, 
218,83514027,156.0863495,-15.42730713,18.35073662, 
219,83530694,181.3519135,-10.75731468,35.62326431, 
220,83547361,215.9058075,-3.4079020019999997,52.6865654, 
221,83564028,251.5240173,6.876871109,71.87762451, 
222,83580695,271.37677,22.93025208,91.55779266, 
223,83597362,275.9973145,39.23666,106.47367859999999, 
224,83614029,255.54216,55.04961395,118.32884979999999, 
225,83630696,221.2487335,68.13632202,129.9134827, 
226,83647363,178.7144012,76.93440247,147.9169312, 
227,83664030,128.3530121,88.42453766,165.2681122, 
228,83680697,54.14776611,96.13207245,174.6080017, 
229,83697364,-50.28794098,95.13839722,184.1921387, 
230,83714031,-150.3387604,86.64177704,193.0131073, 
231,83730698,-214.11901859999998,75.82414246,191.9647522, 
232,83747365,-226.5810852,78.26255798,178.5092316, 
233,83764032,-183.35952759999998,86.69494629,166.2276306, 
234,83780699,-124.36864469999999,89.94824982,164.5615387, 
235,83797366,-79.77261353,95.50241089,161.82359309999998, 
236,83814033,-66.07093048,97.87236023,154.2280121, 
237,83830700,-70.65914154,99.61698914,151.5163727, 
238,83847367,-77.25663757,100.51976009999998,154.35552980000003, 
239,83864034,-77.36230469,100.17148590000001,159.3682709, 
240,83880701,-81.96990204,94.25626373,165.2695313, 
241,83897368,-90.44412231,86.42086029,174.7821198, 
242,83914035,-93.98342133,78.85253143,184.4662628, 
243,83930702,-94.40758514,75.04473114,189.870575, 
244,83947369,-94.93160248,70.75148773,191.0042267, 
245,83964036,-95.97931671,62.80529785,186.3428345, 
246,83980703,-101.4733658,52.36771393,178.6456909, 
247,83997370,-119.98578640000001,46.47909546,166.03102109999998, 
248,84014037,-154.4881897,41.84765244,144.17837519999998, 
249,84030704,-196.1069794,35.99103928,115.7296753, 
250,84047371,-222.3374786,28.00552559,85.72555542, 
251,84064038,-213.5970001,20.82721329,56.39211273, 
252,84080705,-161.469696,20.51139832,29.16497231, 
253,84097372,-76.95927429,26.59249878,6.938374519, 
254,84114039,12.91511917,35.62703323,-8.149486542, 
255,84130706,82.52498627,40.18854904,-17.80582619, 
256,84147373,120.13585659999998,38.47126389,-18.83474159, 
257,84164040,125.3631897,31.18933105,-15.18864059, 
258,84180707,104.46081540000002,21.66029358,-10.02113628, 
259,84197374,66.08189392,8.549308777,-9.131834984, 
260,84214041,23.19597054,-7.31081152,-12.76747131, 
261,84230708,-13.891469,-20.42891312,-16.77978325, 
262,84247375,-35.18777084,-30.18681335,-16.23587799, 
263,84264042,-36.71658325,-37.93797684,-16.83097458, 
264,84280709,-20.88753891,-42.64951706,-19.75942802, 
265,84297376,2.140933275,-44.56163406,-22.41510582, 
266,84314043,23.57246399,-46.53522873,-27.27667427, 
267,84330710,31.46919823,-53.66698837,-35.34580612, 
268,84347377,16.48419762,-63.26106262,-39.84920883, 
269,84364044,-7.45873642,-68.93549347,-41.27196121, 
270,84380711,-19.60459518,-71.01042938,-40.44804764, 
271,84397378,-13.63661194,-75.91407013,-41.17591858, 
272,84414045,1.4008944030000001,-79.44741058,-42.05260086, 
273,84430712,12.25912762,-78.68736267,-42.79507828, 
274,84447379,12.1251564,-76.80760956,-42.54570389, 
275,84464046,5.496362209,-72.66919708,-39.67184448, 
276,84480713,9.994840622,-73.81188202,-36.29061508, 
277,84497380,33.62029648,-73.53415679999999,-35.46666718, 
278,84514047,54.62945938,-70.82569122,-37.69036865, 
279,84530714,51.58800125,-70.53221893,-37.86359024, 
280,84547381,28.22912216,-75.0239563,-36.94031906, 
281,84564048,14.923950199999998,-81.93696594,-38.24458313, 
282,84580715,23.34895325,-80.13458252,-41.2429657, 
283,84597382,34.82834244,-76.98023224,-41.68255997, 
284,84614049,36.51379395,-77.25094604,-41.73802185, 
285,84630716,37.75322342,-76.51377869,-43.56141281, 
286,84647383,48.82303238,-73.69793701,-42.65090942, 
287,84664050,64.10920715,-61.3483429,-41.51862717, 
288,84680717,76.69685364,-52.84259415,-38.76035309, 
289,84697384,81.55899048,-44.06356049,-35.37831116, 
290,84714051,78.8937912,-34.97144318,-32.40935516, 
291,84730718,70.72550201,-27.19288063,-27.83721924, 
292,84747385,58.78233719,-18.25637245,-21.84074402, 
293,84764052,49.96784592,-8.779998779,-16.32685661, 
294,84780719,44.63731384,-1.448505044,-11.24138927, 
295,84797386,36.08415985,4.760616778999999,-7.058298111, 
296,84814053,26.48096657,8.887566566,-4.8947095869999995, 
297,84830720,20.69288826,12.63939285,-2.706633806, 
298,84847387,16.54273605,16.18478584,2.133567572, 
299,84864054,9.753177642999999,17.16665649,6.815716742999999, 
300,84880721,2.3431413169999997,15.49656582,6.6061353679999995, 
301,84897388,-5.43730545,14.42998886,3.944167137, 
302,84914055,-8.292779922000001,14.68408203,2.674877882, 
303,84930722,-6.528830051,13.94342518,2.594991446, 
304,84947389,-4.263397217,13.35552216,2.225975752, 
305,84964056,-2.6642920969999997,9.855106354,2.239652395, 
306,84980723,2.026528358,6.4447965620000005,1.223249912, 
307,84997390,6.721055031000001,4.996116638,1.9045225380000002, 
308,85014057,4.275437832,4.683589458,2.38794899, 
309,85030724,-1.967586756,3.051458597,2.2383704190000002, 
310,85047391,-5.833120823,1.1504074340000001,2.3568811419999998, 
311,85064058,-4.854343414,0.642930031,3.140168428, 
312,85080725,-3.205090523,1.32435596,4.200470448, 
313,85097392,-3.3803448680000003,0.34706485299999995,3.7314624789999997, 
314,85114059,-4.42986393,-1.509465456,2.089906693, 
315,85130726,-0.142707527,-0.965822816,0.577335835, 
316,85147393,9.068741798,0.949731827,-0.256325543, 
317,85164060,19.5320797,3.921232939,0.341981262, 
318,85180727,25.06848717,3.870933294,-0.588536382, 
319,85197394,18.31720352,9.33372879,-0.44096803700000003, 
320,85214061,3.005650282,1.68103826,2.326209307, 
321,85230728,-5.451836586000001,-5.156214714,-1.1325104240000001, 
322,85247395,-8.625060081,-3.781235933,-3.165109634, 
323,85264062,-18.69614983,-4.194283962,-4.560111046, 
324,85280729,-33.91459274,-11.12611103,-6.475438595, 
325,85297396,-42.79512405,-16.62797546,-11.0828743, 
326,85314063,-43.79299927,-18.64844131,-14.54923534, 
327,85330730,-47.45903397,-18.71142387,-16.46456528, 
328,85347397,-53.81412888,-15.80392742,-19.46635818, 
329,85364064,-52.13637543,-9.740068436,-23.5592804, 
330,85380731,-36.111400599999996,1.3903961180000002,-29.464754100000004, 
331,85397398,-10.28978539,19.20662117,-33.52213287, 
332,85414065,8.148906708,35.75632477,-34.05241013, 
333,85430732,22.20181274,51.75760269,-34.41156387, 
334,85447399,36.69557953,68.66348267,-33.5757103, 
335,85464066,49.44906235,84.44620514,-30.02466774, 
336,85480733,57.51049423,98.25998688,-28.397710800000002, 
337,85497400,58.68815613,112.7284317,-26.2713604, 
338,85514067,51.83066177,124.3083344,-23.9812603, 
339,85530734,40.85464096,135.0087585,-21.15244865, 
340,85547401,29.81163406,143.22515869999998,-17.69627762, 
341,85564068,18.88357162,147.306015,-13.75938225, 
342,85580735,8.36534214,145.7903595,-8.861798286, 
343,85597402,-2.5221400259999998,136.8065796,-0.190410942, 
344,85614069,-18.57525063,122.97383119999999,9.330872536000001, 
345,85630736,-41.70802307,109.09471129999999,17.33617973, 
346,85647403,-69.26806641,99.06447601,24.02751923, 
347,85664070,-92.83763885,94.62480927,32.50710678, 
348,85680737,-104.22229770000001,95.60350037,44.88806915, 
349,85697404,-97.58451843,94.53356171,57.50860977, 
350,85714071,-68.88108063,86.37361908,63.47385788, 
351,85730738,-27.64413452,76.51747894,59.16273879999999, 
352,85747405,0.944848061,62.74377823,49.2181282, 
353,85764072,-5.443230628999999,32.32321167,48.00458527, 
354,85780739,-28.47734451,10.71520901,45.09841156, 
355,85797406,-35.9002037,-2.274713039,28.71159172, 
356,85814073,-23.61267281,-10.90444374,15.31799221, 
357,85830740,-17.63261032,-25.76924133,6.65353775, 
358,85847407,-28.61717606,-42.64014053,-1.024306178, 
359,85864074,-42.56135178,-60.60032272,-7.343707561, 
360,85880741,-40.74118423,-74.5806427,-4.022596359, 
361,85897408,-38.39768982,-86.84272766,-3.3027279380000003, 
362,85914075,-40.847824100000004,-103.26812740000001,-11.61412239, 
363,85930742,-40.64121246,-121.66476440000001,-23.18216705, 
364,85947409,-37.059021,-138.690979,-33.9475708, 
365,85964076,-34.09205246,-148.84114069999998,-40.11717987, 
366,85980743,-29.25059891,-151.9381866,-43.42844772, 
367,85997410,-5.530435085,-154.19181819999997,-46.56632614, 
368,86014077,30.84210205,-157.282547,-48.70738602, 
369,86030744,49.41210175,-156.92245480000003,-50.97040939, 
370,86047411,48.07811356,-156.44949340000002,-51.80052567, 
371,86064078,41.57204056,-151.329483,-52.38074875, 
372,86080745,44.35805893,-139.40043640000002,-54.27940369, 
373,86097412,60.21529770000001,-126.2756271,-51.08898163, 
374,86114079,78.64733124,-111.0303574,-46.41833496, 
375,86130746,83.81658936,-97.63531494,-40.57542801, 
376,86147413,76.00218201,-82.05084991,-33.27028656, 
377,86164080,69.72961426,-63.99021149,-25.27683258, 
378,86180747,70.64980316,-48.47871399,-16.91654587, 
379,86197414,67.88833618,-33.55086136,-11.48932076, 
380,86214081,56.45119476,-19.85742569,-6.725461482999999, 
381,86230748,45.21968842,-9.065675735,-1.404988766, 
382,86247415,40.304142,0.439990252,0.987977028, 
383,86264082,35.40570831,4.697954178,2.458574295, 
384,86280749,25.39802551,6.895250797,2.8500475880000002, 
385,86297416,16.67212105,8.562232971,2.608848572, 
386,86314083,10.61018085,8.325219154,1.346895814, 
387,86330750,11.34585857,9.093360901,2.01860261, 
388,86347417,13.94975281,8.620463371,3.016103268, 
389,86364084,13.10856533,7.854346275,3.349017143, 
390,86380751,10.06141567,7.60688591,1.3818570380000001, 
391,86397418,10.10517693,9.623440742,0.281342924, 
392,86414085,11.28532314,11.16236877,0.128601477, 
393,86430752,10.01011658,11.83138657,0.369296998, 
394,86447419,9.1068964,11.36619377,0.580358565, 
395,86464086,6.069457054,9.169593811,0.6629593970000001, 
396,86480753,3.669852495,7.9358534810000005,2.440557957, 
397,86497420,5.962970257,5.791686058,4.234958649, 
398,86514087,4.786758900000001,5.785488129,5.583634377, 
399,86530754,-8.735219955,2.8692379,5.2244672780000005, 
400,86547421,-23.31653595,-4.813910007,-0.109782651, 
401,86564088,-20.50257874,-4.40191412,-3.2767081260000004, 
402,86580755,-13.02726173,-3.750079632,-3.135976315, 
403,86597422,-16.389171599999997,-10.88278008,-4.867872715, 
404,86614089,-27.3024826,-16.61427307,-9.451397896, 
